voltage, current, power, energy, time
9.91e+037,	9.91e+037,	9.91e+037,	0,	0
11.8323,	0.0119878,	0.141844,	0.000394018,	10
11.8324,	0.0119878,	0.141844,	0.00078804,	20
11.8325,	0.0119876,	0.141843,	0.00118206,	30
11.8324,	0.0119874,	0.141839,	0.00157608,	40
11.8324,	0.0119874,	0.14184,	0.00197009,	50
11.8324,	0.0119871,	0.141837,	0.00236409,	60
