Voltage (V), Current (A), Active Power (Watt), Accumulated Energy (Watt-Hour), Elapsed Time (Seconds)
9.91e+37,	9.91e+37,	9.91e+37,	0,	0
-0.00745967,	6.66833e-05,	2.98283,	0.00082848,	1
-0.00898574,	2.01258e-05,	2.98178,	0.00165659,	2
-0.0106511,	-6.59461e-05,	2.98298,	0.00248509,	3
-0.00966354,	-9.39777e-05,	2.98159,	0.00331325,	4
-0.0115645,	-0.000120868,	2.98198,	0.00414147,	5
-0.0105467,	-6.94629e-05,	2.98136,	0.00414147,	5
